{
    "fr": {
        "newguild": "",
        "botpermissionmissing": "Le bot a des permissions manquante : ",
        "search": "Recherche...",
        "nolink": "Les liens ne sont pas autorisé.",
        "sendmsgtoofast": "Tu envoie des messages trop rapidement.",
        "by": "par",
        "hasbeenkicked": "a été exclu pour ",
        "antispam": "🛡️ - [member] a été exclu par [author] pour la raison suivante : [reason].",
        "antilink": "essaie de mettre un lien.",
        "antilinklogs": "🛡️ - [member] a été averti par [author] pour la raison suivante : [reason].",
        "error": "Une erreur est survenue, contactez mon créateur. ",
        "undefinederror": "Une erreur est survenue, contactez mon créateur. ",
        "permissionmissing": "Permission manquante : ",
        "nooneperm": "Aucun rôle/membre n'a la permission",
        "invalidargs": "Argument invalide :",
        "owner": "propriétaire",
        "permassigned": "a bien été assginé à la permission",
        "alreadyassigned": "est déjà assigné à cette permission.",
        "permunassigned": "a bien été désassigné de la permission",
        "alreadyunassigned": "n'est pas assigner à cette permission.",
        "permcommands": "Vous ne pouvez pas retirer les permissions d'une commande, si vous voulez la mettre ouverte à tous utilisez :",
        "nouwl": "Personne n'a été whitelisté.",
        "whitelisted": "[member] a été whitelisté par [author].",
        "hasbeenwl": "a bien été whitelisté.",
        "alreadywl": "est déjà whitelisté.",
        "hasbeenuwl": "a bien été unwhitelisté.",
        "alreadyuwl": "n'est pas whitelisté.",
        "unwhitelisted": "[member] a été unwhitelisté par [author].",
        "sanctionned": "[member] a été **[sanction]** par [author] pour la raison suivant : [reason].",
        "warned": "[member] a été **[sanction]** pour la raison suivante : [reason].",
        "warned2": "[member] a été **[sanction]**.",
        "warned3": "[member] a été **[sanction]** par [author].",
        "rolebanproblem": "❌ - Vous n'avez pas assigner de perm kick/ban sur ce serveur.",
        "notbanned": "n'est pas banni ou n'existe pas.",
        "unbanlogs": "[member] a été unban par [author].",
        "unban": "[member] a été unban.",
        "banlogs": "[member] a été banni par [author] pour la raison suivante : [reason]",
        "kicklogs": "[member] a été exclu par [author] pour la raison suivante : [reason]",
        "banperm": "✅ - Le rôle pour la perm kick/ban est : [role].",
        "banpermaloff": "❌ - Aucune perm kick/ban n'est enregistrer sur ce serveur.",
        "permbandeleted": "✅ - Le rôle pour la perm kick/ban a bien été retiré.",
        "rolemuteproblem": "❌ - Vous n'avez pas assigner de rôle mute sur ce serveur.",
        "muterole": "✅ - Le rôle pour la fonction mute est : [role].",
        "mutepermaloff": "❌ - Aucun rôle mute n'est enregistrer sur ce serveur.",
        "permmutedeleted": "✅ - Le rôle pour fonction mute a bien été retiré.",
        "functiondisable": "❌ - Cette fonction est actuellement désactiver.\n- Active la avec la commande : [function]\n- Active la sur ton panel : [web]",
        "mutelogs": "[member] a été mute par [author] pour la raison suivante : [reason].",
        "unmutelogs": "[member] a été démute par [author].",
        "alreadymuted": "❌ - [member] est déjà mute.",
        "notmuted": "❌ - [member] n'est pas mute.",
        "tempmutelogs": "[member] a été mute par [author] pendant [time] pour la raison suivante : [reason].",
        "antitoken": "🛡️ - [member] a été **exclu** pour la raison suivante : [reason].",
        "locked": "[channel] a été bloqué par [author].",
        "unlocked": "[channel] a été débloqué par [author].",
        "slowdown": "Slowdown de [channel] ajusté à [time] par [author].",
        "roleprotected": "[author] a ajouté [role] à la liste des rôles protéger.",
        "roleunprotected": "[author] a retiré [role] de la liste des rôles protéger.",
        "noprotected": "❌ - Aucun rôle n'est protéger.",
        "spamallowed": "[author] a autorisé le spam dans le salon [channel].",
        "spamnotallowed": "[author] a interdit le spam dans le salon [channel].",
        "renewchannel": "[author] a recréé le salon [channel] avec la fonction **renew**.",
        "deranked": "[member] a été derank par [author] pour la raison suivante : [reason].",
        "hasbeenderanked": "[member] a été derank pour la raison suivante : [reason].",
        "roleadded": "[author] a ajouté le rôle [role] à [member].",
        "roleremoved": "[author] a retiré le rôle [role] à [member].",
        "massrolestartedadded": "[role] est entrain d'être ajouté à tout le monde avec la fonction **massrole** par [author].",
        "massrolestartedremoved": "[role] est entrain d'être retiré à tout le monde avec la fonction **massrole** par [author].",
        "leaderboard": "Classement",
        "noanswer": "Vous n'avez pas répondu à temps.",
        "whattitle": "Quel est le titre ?",
        "whatdescription": "Quel est la description ?",
        "whatauthor": "Qui est l'auteur ?",
        "whatfooter": "Quel est le footer ?",
        "whatthumbnail": "Quel sera la pdp ? (LIEN D'IMAGE)",
        "invalidthumbnail": "Pdp invalide",
        "whatpicture": "Quel sera l'image à ajouter ? (LIEN D'IMAGE)",
        "invalidpicture": "Image invalide",
        "whaturl": "Quel est l'url ?",
        "whatcolor": "Quel couleur ? (COULEUR HEX | EX : #7400FF)",
        "whattitlefield": "Quel est le titre de la section ?",
        "whatdescriptionfield": "Quel est la description de la section ?",
        "whattitleremove": "Quel est le **titre** de la section à supprimée ?",
        "cantfindfield": "Je ne trouve pas cette section",
        "sendembed": "Donne moi l'id d'un salon et je vais l'envoyer là-bas. Sinon, pour l'envoyer dans ce salon envoie 'here'",
        "newprefix": "Mon nouveau prefix est :",
        "resolvecatpcha": "[member] a résolu le captcha.",
        "antibotenable": "🛡️ - [member] a été **exclu** car l'anti-bot est activé.",
        "welcomemsg": "[member] : __bienvenue__ sur **[server]** avec toi nous sommes maintenant **[membercount]** !",
        "blacklistedtry": "🛡️ - [member] a tenté de rejoindre alors qu'il est blacklisté. Il a été re-ban.",
        "detectednew": "🛡️ - [member] a été détécté comme un nouveau compte et à été **exclu**.",
        "failcaptcha": "[member] à échoué au captcha et a été **exclu**.",
        "captchanoanswer": "[member] n'a pas répondu au captcha et a été **exclu**.",
        "antieditserver": "🛡️ - [member] a été [punish] pour avoir tenté de modifié le serveur.",
        "antiban": "🛡️ - [member] a été **ban** pour avoir banni [victim] mannuellement (clique droit).",
        "antieditrole": "🛡️ - [member] a été [punish] pour avoir modifié le rôle [role].",
        "antideleterole": "🛡️ - [member] a été [punish] pour avoir supprimé le rôle [role].",
        "anticreaterole": "🛡️ - [member] a été [punish] pour avoir créé le rôle [role].",
        "antichanneldelete": "🛡️ - [member] a été [punish] pour avoir supprimé le salon [channel].",
        "antichannelcreate": "🛡️ - [member] a été [punish] pour avoir créé le salon [channel].",
        "antichannelcreatewl": "🛡️ - [member] a été **derank** pour avoir créé 4 salons en moins de 5 secondes.",
        "antowebhook": "🛡️ - [member] a été [punish] pour avoir tenté de créé un webhook sur le salon [channel].",
        "antiremoverole": "🛡️ - [member] a été [punish] pour avoir tenté de retiré le rôle [role] à [victim].",
        "antiaddrole": "🛡️ - [member] a été [punish] pour avoir tenté d'ajouté le rôle [role] à [victim].",
        "alreadyticket": "Tu as déjà un ticket ouvert.",
        "welcometicket": "Ton ticket est",
        "ticketwelcome": "bienvenue dans ton ticket",
        "closeticket": "pour supprimer et fermer ton ticket !",
        "deleteticket": "Le ticket vas être fermé et supprimé dans 3 secondes.",
        "invaliduserid": "L'id du membre est invalid !",
        "noticket": "Cette utilisateur n'a aucun ticket ouvert.",
        "errorticket": "Erreur, peut-être car le channel a déjà été supprimer. Si il ne peut pas créé de ticket essaie la commande `ticket reset <user id>` !",
        "ticketrest": "Les tickets de [member] ont bien été reset dans ma base de données.",
        "notset": "Indéfini",
        "kickeveryone": "🛡️ - [member] a été **exclu** pour avoir tenté de mention everyone sans avoir la permission.",
        "massmention": "🛡️ - [member] a été averti pour la raison suivante : [reason].",
        "blacklisted": "[member] a été blacklisté par [author] pour la raison suivante : [reason].",
        "unblacklisted": "[member] a été déblacklisté par [author].",
        "level": "Niveau",
        "nosanction": "Ce membre n'a aucune sanction."
    },
    "en": {
        "newguild": "",
        "botpermissionmissing": "The have missing permission : ",
        "search": "Seaching...",
        "nolink": "Link is not autorised.",
        "sendmsgtoofast": "You send message too fast.",
        "by": "by",
        "hasbeenkicked": "has been kicked for ",
        "antispam": "🛡️ - [member] has been kicked by [author] for the next reason : [reason].",
        "antilink": "try to put a link.",
        "antilinklogs": "🛡️ - [member] has been warned by [author] for the next reason : [reason].",
        "error": "An error occurred, contact my creator. ",
        "undefinederror": "An error occured, contact my creator. ",
        "permissionmissing": "Permission missing : ",
        "nooneperm": "No one role/member have the permission",
        "invalidargs": "Invalid argument :",
        "owner": "owner",
        "permassigned": "has been assigned to the permission",
        "alreadyassigned": "is already assigned to this permission.",
        "permunassigned": "has been removed from the permission",
        "alreadyunassigned": "is already not assigned to this permission.",
        "permcommands": "You can't remove a permission from a command, if you to open the command for all use :",
        "nouwl": "No one is whitelisted.",
        "whitelisted": "[member] has been whitelisted by [author].",
        "hasbeenwl": "has been whitelisted.",
        "alreadywl": "is already whitelisted.",
        "hasbeenuwl": "has been unwhitelisted.",
        "alreadyuwl": "is already unwhitelisted.",
        "unwhitelisted": "[member] has been unwhitelisted by [author].",
        "sanctionned": "[member] has been **[sanction]** by [author] for the next reason : [reason].",
        "warned": "[member] has been **[sanction]** for the next reason : [reason].",
        "rolebanproblem": "❌ - You don't have any kick/ban perm on this server.",
        "notbanned": "is not banned or doesn't exist.",
        "unbanlogs": "[member] has been unbanned by [author].",
        "unban": "[member] has been unbanned.",
        "banlogs": "[member] has been banned by [author] for the next reason : [reason]",
        "kicklogs": "[member] has been kicked by [author] for the next reason : [reason]",
        "banperm": "✅ - The role for the kick/ban perm is : [role].",
        "banpermaloff": "❌ - No one perm kick/ban is registred on this server.",
        "permbandeleted": "✅ - The role for the perm kick/ban has been removed.",
        "rolemuteproblem": "❌ - You don't have any mute role on this server.",
        "muterole": "✅ - The role for the mute function is : [role].",
        "mutepermaloff": "❌ - No one role mute is registred on this server.",
        "permmutedeleted": "✅ - The role for the fonction mute has been removed.",
        "functiondisable": "❌ - This function is currently disable.\n- Active with : [function]\n- Active on the panel : [web].",
        "mutelogs": "[member] has been muted by [author] for the next reason : [reason].",
        "unmutelogs": "[member] has been unmuted by [author].",
        "alreadymuted": "❌ - [member] is already muted.",
        "notmuted": "❌ - [member] is not muted.",
        "tempmutelogs": "[member] has been muted by [author] during [time] for the next reason : [reason].",
        "antitoken": "🛡️ - [member] has been kick for the next reason : [reason].",
        "locked": "[channel] has been locked by [author].",
        "unlocked": "[channel] has been unlocked by [author].",
        "slowdown": "Slowdown of [channel] set to [time] by [author].",
        "roleprotected": "[author] add [role] to the protection list.",
        "roleunprotected": "[author] remove [role] of the protection list.",
        "noprotected": "❌ - No one role is protected.",
        "spamallowed": "[author] allowed spam in the channel [channel].",
        "spamnotallowed": "[author] banned spam in the channel [channel].",
        "renewchannel": "[channel] has been recreated with the function **renew** by [author]",
        "deranked": "[member] has been derank by [author] for the next reason : [reason].",
        "hasbeenderanked": "[member] has been derank for the next reason : [reason].",
        "roleadded": "[author] add the role [role] to [member].",
        "roleremoved": "[author] remove the role [role] to [member].",
        "massrolestartedadded": "[author] is currently adding to everyone the role [role] with the function **massrole**.",
        "massrolestartedremoved": "[author] is currently removing to everyone the role [role] with the function **massrole**.",
        "leaderboard": "Leaderboard",
        "noanswer": "You wait too long for answer.",
        "whattitle": "What's the title ?",
        "whatdescription": "What's the description ?",
        "whatauthor": "What's your author ?",
        "whatfooter": "What's the footer ?",
        "whatthumbnail": "What's the thumbnail ? (PICTURE LINK)",
        "invalidthumbnail": "Invalid thumbnail",
        "whatpicture": "What's the picture ? (PICTURE LINK)",
        "invalidpicture": "Invalid picture",
        "whaturl": "What's the url ?",
        "whatcolor": "Which color ? (HEX COLOR | EX : #7400FF)",
        "whattitlefield": "What's the title of the field ?",
        "whatdescriptionfield": "What's the description of the field ?",
        "whattitleremove": "What's the **title** of the field to delete ?",
        "cantfindfield": "Can't find this field",
        "sendembed": "Give the channel id and i will send the message in. If you want i send the message here just send 'here'",
        "newprefix": "My new prefix is :",
        "alreadyticket": "You already have a ticket open.",
        "welcometicket": "You ticket channel is",
        "ticketwelcome": "welcome in your ticket channel",
        "closeticket": "to delete and close the ticket !",
        "deleteticket": "The channel will be deleted and the ticket closed in 3 seconds.",
        "invaliduserid": "User id invalid !",
        "noticket": "This user don't have any ticket open.",
        "errorticket": "Error, maybe the channel is already deleted. If he can't create a channel try the command `ticket reset <user id>` !",
        "ticketrest": "Tickets of [member] has been reset in my database.",
        "notset": "Not set",
        "resolvecatpcha": "[member] resolve the capthca.",
        "antibotenable": "🛡️ - [member] has been **kicked** because the anti-bot is enable.",
        "welcomemsg": "[member] : __welcome__ on **[server]** with you we are now **[membercount]** !",
        "blacklistedtry": "🛡️ - [member] try to join but he is blacklisted. He got banned.",
        "detectednew": "🛡️ - [member] has been detected like a new account and got **kicked**.",
        "failcaptcha": "[member] fail the captcha and got **kicked**.",
        "captchanoanswer": "[member] is not answering to the captcha and got **kicked**.",
        "antieditserver": "🛡️ - [member] has been [punish] for trying to edit the server.",
        "antiban": "🛡️ - [member] has been **ban** for trying to ban [victim] manualy (right click).",
        "antieditrole": "🛡️ - [member] has been [punish] for trying to edit the role [role].",
        "antideleterole": "🛡️ - [member] has been [punish] for trying to delete the role [role].",
        "anticreaterole": "🛡️ - [member] has been [punish] for trying to create a role [role].",
        "antichanneldelete": "🛡️ - [member] has been [punish] for trying to delete a channel [channel].",
        "antichannelcreate": "🛡️ - [member] has been [punish] for trying the create a channek [channel].",
        "antichannelcreatewl": "🛡️ - [member] has been **derank** for create 4 channels in 5 seconds.",
        "antowebhook": "🛡️ - [member] has been [punish] for trying to create a webhook on the channel [channel].",
        "antiremoverole": "🛡️ - [member] has been [punish] for trying to remove [role] to [victim].",
        "antiaddrole": "🛡️ - [member] has been [punish] trying to add [role] to [victim].",
        "kickeveryone": "🛡️ - [member] has been **kicked** for mention everyone without the permission.",
        "massmention": "🛡️ - [member] has been warned for the next reason : [reason].",
        "blacklisted": "[member] has been blacklisted by [author] for the next reason : [reason].",
        "unblacklisted": "[member] has been unblacklisted by [author].",
        "level": "Level",
        "nosanction": "This user don't have any sanction."
    }
}