{
    "fr": {
        "CREATE_INSTANT_INVITE": "Invite instantanée",
        "KICK_MEMBERS": "Exclure des membres",
        "BAN_MEMBERS": "Bannir des membres",
        "ADMINISTRATOR": "Administrateur",
        "MANAGE_CHANNELS": "Gérer les salons",
        "MANAGE_GUILD": "Gérer le serveur",
        "ADD_REACTIONS": "Ajouter des réations",
        "VIEW_AUDIT_LOG": "Voir les logs",
        "PRIORITY_SPEAKER": "Priorité de parler",
        "STREAM": "Partage d'écran",
        "VIEW_CHANNEL": "Voir les salons",
        "SEND_MESSAGES": "Envoyer des messages",
        "SEND_TTS_MESSAGES": "Envoyer des messages TTS",
        "MANAGE_MESSAGES": "Gérer les messages",
        "EMBED_LINKS": "Envoyer des liens embed",
        "ATTACH_FILES": "Attacher des fichiers",
        "READ_MESSAGE_HISTORY": "Voir l'historique des messages",
        "MENTION_EVERYONE": "Mentionner everyone et here",
        "USE_EXTERNAL_EMOJIS": "Utiliser des émojis externe",
        "VIEW_GUILD_INSIGHTS": "Voir les insights du serveur",
        "CONNECT": "Ce connecter au vocal",
        "SPEAK": "Parler",
        "MUTE_MEMBERS": "Mettre muet des membres",
        "DEAFEN_MEMBERS": "Mettre en sourdine des membres",
        "MOVE_MEMBERS": "Bouger des membres",
        "USE_VAD": "Utiliser la détection de voix",
        "CHANGE_NICKNAME": "Changer de pseudo",
        "MANAGE_NICKNAMES": "Changer le pseudo des membres",
        "MANAGE_ROLES": "Gérer les rôles",
        "MANAGE_WEBHOOKS": "Gérer les webhooks",
        "MANAGE_EMOJIS": "Gérer les émojis"
    },
    "en": {
        "CREATE_INSTANT_INVITE": "Create instant invite",
        "KICK_MEMBERS": "Kick members",
        "BAN_MEMBERS": "Ban members",
        "ADMINISTRATOR": "Administrator",
        "MANAGE_CHANNELS": "Manage channels",
        "MANAGE_GUILD": "Manage guild",
        "ADD_REACTIONS": "Add reactions",
        "VIEW_AUDIT_LOG": "View audit log",
        "PRIORITY_SPEAKER": "Priority speaker",
        "STREAM": "Stream",
        "VIEW_CHANNEL": "View channels",
        "SEND_MESSAGES": "Send messages",
        "SEND_TTS_MESSAGES": "Send TTS messages",
        "MANAGE_MESSAGES": "Manage messages",
        "EMBED_LINKS": "Embed links",
        "ATTACH_FILES": "Attach files",
        "READ_MESSAGE_HISTORY": "Read messages history",
        "MENTION_EVERYONE": "Mention everyone",
        "USE_EXTERNAL_EMOJIS": "Use external emojis",
        "VIEW_GUILD_INSIGHTS": "View guild insights",
        "CONNECT": "Connect",
        "SPEAK": "Speak",
        "MUTE_MEMBERS": "Mute members",
        "DEAFEN_MEMBERS": "Deafen members",
        "MOVE_MEMBERS": "Move members",
        "USE_VAD": "Use VAD",
        "CHANGE_NICKNAME": "Change nickname",
        "MANAGE_NICKNAMES": "Change members nickname",
        "MANAGE_ROLES": "Manage role",
        "MANAGE_WEBHOOKS": "Manage webhook",
        "MANAGE_EMOJIS": "Manage emojis"
    }
}